Date,Purchase date,full weight,peel weight,edible weight,age
2026-02-09,2026-02-06,199,76,123,3
2026-02-10,2026-02-06,198,72,126,4
2026-02-11,2026-02-06,214,78,136,5
2026-02-11,2026-02-07,144,47,97,4
2026-02-12,2026-02-10,227,96,131,2
2026-02-13,2026-02-10,217,89,128,3
2026-02-14,2026-02-10,212,84,128,4
2026-02-15,2026-02-10,222,89,133,5
2026-02-16,2026-02-10,226,83,143,6
2026-02-17,2026-02-16,196,71,125,1
2026-02-18,2026-02-16,183,64,119,2
2026-02-19,2026-02-16,179,61,118,3
2026-02-20,2026-02-16,182,57,125,4
2026-02-20,2026-02-16,183,61,122,4
2026-02-23,2026-02-19,167,64,103,4
2026-02-23,2026-02-19,170,64,106,4
2026-02-24,2026-02-19,154,57,97,5
2026-02-24,2026-02-19,159,59,100,5
2026-02-25,2026-02-24,323,137,186,1
2026-02-26,2026-02-24,290,112,178,2
2026-02-27,2026-02-24,315,131,184,3
2026-02-28,2026-02-24,297,119,178,4
2026-03-01,2026-02-24,262,95,167,5
2026-03-02,2026-02-27,183,67,116,3
2026-03-02,2026-02-27,175,62,113,3
2026-03-03,2026-02-27,167,54,113,4
2026-03-03,2026-02-27,167,59,108,4
2026-03-04,2026-02-27,182,61,121,5
2026-03-05,2026-03-03,184,71,113,2
2026-03-06,2026-03-03,182,64,118,3
2026-03-07,2026-03-03,176,66,110,4
2026-03-09,2026-03-09,262,99,163,0
2026-03-10,2026-03-09,248,95,153,1
2026-03-11,2026-03-09,273,103,170,2
2026-03-12,2026-03-09,260,93,167,3
2026-03-13,2026-03-11,175,67,108,2
2026-03-14,2026-03-11,150,53,97,3
2026-03-14,2026-03-11,149,59,90,3
2026-03-16,2026-03-11,137,43,94,5
2026-03-16,2026-03-11,142,45,97,5
2026-03-17,2026-03-11,153,49,104,6
2026-03-17,2026-03-11,144,46,98,6
2026-03-19,2026-03-19,195,86,109,0
2026-03-20,2026-03-19,206,90,116,1
2026-03-21,2026-03-19,188,76,112,2
2026-03-22,2026-03-19,194,78,116,3
2026-03-23,2026-03-19,179,65,114,4
2026-03-23,2026-03-23,242,103,139,0
2026-03-24,2026-03-23,229,93,136,1
2026-03-24,2026-03-23,200,82,118,1
2026-03-25,2026-03-23,195,76,119,2
2026-03-26,2026-03-23,218,81,137,3
2026-03-27,2026-03-23,187,66,121,4
2026-03-30,2026-03-30,164,67,97,0
2026-03-30,2026-03-30,160,64,96,0
2026-03-31,2026-03-30,158,60,98,1
2026-04-01,2026-03-30,180,67,113,2
2026-04-02,2026-03-30,174,62,112,3
2026-04-03,2026-03-30,164,54,110,4
2026-04-04,2026-04-04,190,74,116,0
2026-04-10,2026-04-09,196,68,128,1
2026-04-11,2026-04-09,210,70,140,2
2026-04-13,2026-04-12,194,72,122,1
2026-04-13,2026-04-12,173,64,109,1
2026-04-14,2026-04-12,180,61,119,2
2026-04-15,2026-04-12,180,56,124,3
2026-04-17,2026-04-12,191,55,136,5
2026-04-17,2026-04-12,186,51,135,5
2026-04-18,2026-04-17,207,75,132,1
2026-04-19,2026-04-17,215,72,143,2
2026-04-20,2026-04-17,224,72,152,3
2026-04-21,2026-04-19,176,61,115,2
2026-04-21,2026-04-19,129,43,86,2
2026-04-22,2026-04-19,155,50,105,3
2026-04-22,2026-04-19,134,41,93,3
2026-04-23,2026-04-19,132,37,95,4
2026-04-23,2026-04-19,154,45,109,4
2026-04-25,2026-04-24,246,92,154,1
2026-04-26,2026-04-24,225,80,145,2
2026-04-27,2026-04-24,188,62,126,3
2026-04-28,2026-04-24,188,60,128,4
2026-04-29,2026-04-28,225,79,146,1
2026-04-30,2026-04-28,173,59,114,2
2026-04-30,2026-04-28,221,75,146,2
2026-05-01,2026-04-28,185,57,128,3
2026-05-02,2026-04-28,210,62,148,4
2026-05-02,2026-04-28,175,52,123,4
2026-05-03,2026-05-02,193,76,117,1
2026-05-05,2026-05-02,221,74,147,3
2026-05-05,2026-05-02,170,62,108,3
2026-05-05,2026-05-02,224,75,149,3
2026-05-08,2026-05-07,176,70,106,1
2026-05-09,2026-05-07,173,65,108,2
2026-05-09,2026-05-07,155,58,97,2
2026-05-10,2026-05-07,175,63,112,3
2026-05-11,2026-05-07,172,54,118,4
2026-05-13,2026-05-12,164,62,102,1
2026-05-14,2026-05-12,178,64,114,2
2026-05-16,2026-05-12,152,46,106,4
2026-05-18,2026-05-15,202,74,128,3
2026-05-18,2026-05-15,184,63,121,3
2026-05-19,2026-05-15,241,83,158,4
2026-05-20,2026-05-15,222,72,150,5
2026-05-21,2026-05-15,239,78,161,6
2026-05-22,2026-05-21,219,93,126,1
2026-05-23,2026-05-21,206,85,121,2
2026-05-24,2026-05-21,172,66,106,3
2026-05-25,2026-05-21,178,66,112,4
2026-05-26,2026-05-21,185,67,118,5
2026-05-27,2026-05-25,183,72,111,2
2026-05-28,2026-05-25,207,78,129,3
2026-05-29,2026-05-25,193,66,127,4
2026-05-31,2026-05-30,167,72,95,1
,,,,0,0
,,,,0,0
,,,,0,0
,,,,0,0
,,,,0,0
,,,,0,0
,,,,0,0
,,,,0,0
,,,,0,0
,,,,0,0
,,,,0,0
,,,,0,0
,,,,0,0
,,,,0,0
,,,,0,0
,,,,0,0
,,,,0,0
,,,,0,0
,,,,0,0
,,,,0,0
,,,,0,0
,,,,0,0
,,,,0,0
,,,,0,0
,,,,0,0
,,,,0,0
,,,,0,0
,,,,0,0
,,,,0,0
,,,,0,0
,,,,0,0
,,,,0,0
,,,,0,0
,,,,0,0
,,,,0,0
,,,,0,0
,,,,0,0
,,,,0,0
,,,,0,0
,,,,0,0
,,,,0,0
,,,,0,0
,,,,0,0
,,,,0,0
,,,,0,0
,,,,0,0
,,,,0,0
,,,,0,0
,,,,0,0
,,,,0,0
,,,,0,0
,,,,0,0
,,,,0,0
,,,,0,0
,,,,0,0
,,,,0,0
,,,,0,0
,,,,0,0
,,,,0,0
,,,,0,0
,,,,0,0
,,,,0,0
,,,,0,0
,,,,0,0
,,,,0,0
,,,,0,0
,,,,0,0
,,,,0,0
,,,,0,0
,,,,0,0
,,,,0,0
,,,,0,0
,,,,0,0
,,,,0,0
,,,,0,0
,,,,0,0
,,,,0,0
,,,,0,0